{"P1": 148.09892204552142, "P2": 299.22320204986596, "P3": 372.6982248607548, "P4": 461.50928437486556, "P5": 787.3242017790834, "P6": 207.67704433677613, "P7": 519.0920940294754, "P8": 596.4904231734221, "P9": 55.98590859279775, "P10": 611.4694033824239, "P11": 178.8188824504186, "P12": 74.40107705542673, "P13": 949.3966818807999, "P14": 965.9757127438138, "P15": 810.3133746352966, "P16": 311.56763148163697, "P17": 106.69539286632003, "P18": 687.3906962470353, "P19": 445.7509688022053, "P20": 130.81785249633106}